{
  "accuracy": 0.9698180204172215,
  "macro_f1": 0.9601043285839643,
  "per_class": {
    "P1": {
      "P": 0.8956521739130435,
      "R": 1.0,
      "F1": 0.944954128440367
    },
    "P2": {
      "P": 0.9333333333333333,
      "R": 0.9625,
      "F1": 0.9476923076923077
    },
    "P3": {
      "P": 0.9567979669631512,
      "R": 0.9716129032258064,
      "F1": 0.9641485275288092
    },
    "P4": {
      "P": 1.0,
      "R": 0.9677725118483412,
      "F1": 0.9836223506743738
    }
  },
  "confusion": [
    [
      103,
      0,
      0,
      0
    ],
    [
      12,
      308,
      0,
      0
    ],
    [
      0,
      22,
      753,
      0
    ],
    [
      0,
      0,
      34,
      1021
    ]
  ]
}