Diagnostic,Test,P-value,PostHoc
SpeedIndex,Kruskal-Wallis,0.0,"              P1            P2            P3            P4
P1  1.000000e+00  3.310114e-18  1.560031e-71  1.754895e-93
P2  3.310114e-18  1.000000e+00  0.000000e+00  0.000000e+00
P3  1.560031e-71  0.000000e+00  1.000000e+00  9.466593e-07
P4  1.754895e-93  0.000000e+00  9.466593e-07  1.000000e+00"
CoupleIndex,Kruskal-Wallis,7.4125362576129284e-124,"              P1            P2            P3            P4
P1  1.000000e+00  8.494743e-11  4.800534e-73  5.016242e-66
P2  8.494743e-11  1.000000e+00  6.186977e-61  4.683999e-51
P3  4.800534e-73  6.186977e-61  1.000000e+00  6.519568e-01
P4  5.016242e-66  4.683999e-51  6.519568e-01  1.000000e+00"
rhoE,Kruskal-Wallis,8.421903115205984e-233,"               P1             P2             P3             P4
P1   1.000000e+00  5.071654e-230  7.049944e-124  1.435488e-118
P2  5.071654e-230   1.000000e+00   1.305558e-66   6.044994e-70
P3  7.049944e-124   1.305558e-66   1.000000e+00   1.000000e+00
P4  1.435488e-118   6.044994e-70   1.000000e+00   1.000000e+00"
avg_PE_system,Kruskal-Wallis,0.0,"               P1             P2             P3             P4
P1   1.000000e+00   0.000000e+00  1.975835e-150  2.714588e-150
P2   0.000000e+00   1.000000e+00  6.268808e-186  6.215026e-180
P3  1.975835e-150  6.268808e-186   1.000000e+00   1.000000e+00
P4  2.714588e-150  6.215026e-180   1.000000e+00   1.000000e+00"
avg_beta_system,Kruskal-Wallis,0.0,"               P1             P2             P3             P4
P1   1.000000e+00   0.000000e+00  3.497182e-169  2.461775e-161
P2   0.000000e+00   1.000000e+00  1.758628e-239  5.748910e-246
P3  3.497182e-169  1.758628e-239   1.000000e+00   1.000000e+00
P4  2.461775e-161  5.748910e-246   1.000000e+00   1.000000e+00"
avg_fcrit_system,Kruskal-Wallis,5.234719775159152e-270,"               P1             P2             P3             P4
P1   1.000000e+00  3.649342e-155  5.083324e-189  2.144368e-270
P2  3.649342e-155   1.000000e+00   1.000000e+00   2.875521e-22
P3  5.083324e-189   1.000000e+00   1.000000e+00   4.953643e-30
P4  2.144368e-270   2.875521e-22   4.953643e-30   1.000000e+00"
