{
  "meta": {
    "n_runs": 10,
    "t_shock": 150,
    "generated_utc": "2025-06-14T22:59:34Z",
    "code_hash": "5f39b171"
  },
  "global": {
    "classifier": {
      "accuracy": 0.9698180204172215,
      "macro_f1": 0.9601043285839643,
      "per_class": {
        "P1": {
          "P": 0.8956521739130435,
          "R": 1.0,
          "F1": 0.944954128440367
        },
        "P2": {
          "P": 0.9333333333333333,
          "R": 0.9625,
          "F1": 0.9476923076923077
        },
        "P3": {
          "P": 0.9567979669631512,
          "R": 0.9716129032258064,
          "F1": 0.9641485275288092
        },
        "P4": {
          "P": 1.0,
          "R": 0.9677725118483412,
          "F1": 0.9836223506743738
        }
      },
      "confusion": [
        [
          103,
          0,
          0,
          0
        ],
        [
          12,
          308,
          0,
          0
        ],
        [
          0,
          22,
          753,
          0
        ],
        [
          0,
          0,
          34,
          1021
        ]
      ]
    },
    "phase_durations": {
      "P1": {
        "mean": 38.3,
        "sd": 2.5317977802344327
      },
      "P2": {
        "mean": 111.0,
        "sd": 5.385164807134504
      },
      "P3": {
        "mean": 259.1,
        "sd": 4.085339643163099
      },
      "P4": {
        "mean": 241.6,
        "sd": 7.158212067269312
      }
    },
    "HM_vs_rhoE": {
      "r": 0.986625082277896,
      "p": 3.0442215264948086e-276
    },
    "diagnostics": {
      "avg_beta_system": {
        "P1": {
          "mean": 0.6372501677522413,
          "sd": 0.05067970656883655
        },
        "P2": {
          "mean": 0.4745932499873776,
          "sd": 0.03671025689241451
        },
        "P3": {
          "mean": 0.5228183542260956,
          "sd": 0.015489206376525419
        },
        "P4": {
          "mean": 0.615307464722401,
          "sd": 0.1435428895434333
        }
      },
      "avg_PE_system": {
        "P1": {
          "mean": 0.37770910017349435,
          "sd": 0.0510305198543468
        },
        "P2": {
          "mean": 0.5095663626335298,
          "sd": 0.03545145973653517
        },
        "P3": {
          "mean": 0.47039555551092627,
          "sd": 0.02273196285009575
        },
        "P4": {
          "mean": 0.39935794166918914,
          "sd": 0.1186565828772627
        }
      },
      "rhoE": {
        "P1": {
          "mean": 2.0197827469599403,
          "sd": 0.19535472820453678
        },
        "P2": {
          "mean": 2.3890525718776763,
          "sd": 0.13318268552257426
        },
        "P3": {
          "mean": 2.3046038877543973,
          "sd": 0.1168623886857055
        },
        "P4": {
          "mean": 1.917714231770884,
          "sd": 0.6070507461837037
        }
      },
      "SpeedIndex": {
        "P1": {
          "mean": 0.021348242741946234,
          "sd": 0.01024088088693247
        },
        "P2": {
          "mean": 0.037911072346302414,
          "sd": 0.014411729616512475
        },
        "P3": {
          "mean": 0.009829011425673276,
          "sd": 0.007402154430909652
        },
        "P4": {
          "mean": 0.0076558740999216985,
          "sd": 0.005850073977706005
        }
      },
      "CoupleIndex": {
        "P1": {
          "mean": 0.16705542408400312,
          "sd": 0.519444254429403
        },
        "P2": {
          "mean": 0.3218793918880019,
          "sd": 0.5632289776497349
        },
        "P3": {
          "mean": 0.6755442038050051,
          "sd": 0.27488991736800983
        },
        "P4": {
          "mean": 0.5319273522206404,
          "sd": 0.4024038401122192
        }
      },
      "avg_fcrit_system": {
        "P1": {
          "mean": 10.742680586224887,
          "sd": 0.2339692621582914
        },
        "P2": {
          "mean": 8.14279504302416,
          "sd": 1.0909150915218564
        },
        "P3": {
          "mean": 7.683195407382871,
          "sd": 0.2368639784868182
        },
        "P4": {
          "mean": 8.515210923154758,
          "sd": 1.4460304017619514
        }
      }
    }
  },
  "runs": {
    "run_1": {
      "phase_durations": {
        "P1": 36,
        "P2": 105,
        "P3": 260,
        "P4": 249
      },
      "diagnostic_extrema": {
        "rhoE": {
          "max": 2.48411610766352,
          "t": 251
        },
        "SpeedIndex": {
          "max": 0.06689390945771655,
          "t": 238
        },
        "avg_beta_min": {
          "min": 0.39487999682655833,
          "t": 253
        }
      },
      "phase_centroids": {
        "P1": [
          0.021624790531826827,
          0.18208099231543565,
          1.970460888650511
        ],
        "P2": [
          0.040028405917843346,
          0.3958551292044214,
          2.355385521247074
        ],
        "P3": [
          0.00934466858519658,
          0.6469796611392914,
          2.2436233545415787
        ],
        "P4": [
          0.007757604289552217,
          0.644690280449665,
          1.873678658960045
        ]
      },
      "diversity": {
        "peak_HM": 1.5366894694698345,
        "H_mean_per_phase": {
          "P1": 1.210768649089659,
          "P2": 1.4801853532768292,
          "P3": 1.4111766513382455,
          "P4": 1.1278155739145634
        }
      }
    },
    "run_2": {
      "phase_durations": {
        "P1": 41,
        "P2": 110,
        "P3": 260,
        "P4": 239
      },
      "diagnostic_extrema": {
        "rhoE": {
          "max": 2.6855034356923553,
          "t": 254
        },
        "SpeedIndex": {
          "max": 0.056937577621352375,
          "t": 243
        },
        "avg_beta_min": {
          "min": 0.4327369686596521,
          "t": 258
        }
      },
      "phase_centroids": {
        "P1": [
          0.020996721597210905,
          -0.1438459334196477,
          2.1270902390004416
        ],
        "P2": [
          0.03654278911932928,
          0.03181277673435256,
          2.55753191024229
        ],
        "P3": [
          0.010887081714304341,
          0.6843288050045688,
          2.4822477382917905
        ],
        "P4": [
          0.007034295883247002,
          0.4645392955515982,
          2.0355667873060432
        ]
      },
      "diversity": {
        "peak_HM": 1.4907017679708794,
        "H_mean_per_phase": {
          "P1": 1.1454193573956677,
          "P2": 1.4467694503522768,
          "P3": 1.3986784572039557,
          "P4": 1.14123953513348
        }
      }
    },
    "run_3": {
      "phase_durations": {
        "P1": 33,
        "P2": 113,
        "P3": 248,
        "P4": 256
      },
      "diagnostic_extrema": {
        "rhoE": {
          "max": 2.3714076168161715,
          "t": 248
        },
        "SpeedIndex": {
          "max": 0.054123572966682326,
          "t": 213
        },
        "avg_beta_min": {
          "min": 0.4227685988737087,
          "t": 249
        }
      },
      "phase_centroids": {
        "P1": [
          0.017567269771397526,
          0.3393606225650038,
          1.8704795119079913
        ],
        "P2": [
          0.03567551278920001,
          0.34357151418453147,
          2.2531339661241345
        ],
        "P3": [
          0.010157640791681109,
          0.6856227395250413,
          2.169946864339479
        ],
        "P4": [
          0.005942336606480257,
          0.601804343725807,
          1.83226839200992
        ]
      },
      "diversity": {
        "peak_HM": 1.4930895525877879,
        "H_mean_per_phase": {
          "P1": 1.16136445891559,
          "P2": 1.4444586091009635,
          "P3": 1.4051594881051317,
          "P4": 1.1635214682532946
        }
      }
    },
    "run_4": {
      "phase_durations": {
        "P1": 40,
        "P2": 121,
        "P3": 259,
        "P4": 230
      },
      "diagnostic_extrema": {
        "rhoE": {
          "max": 2.733574477393938,
          "t": 272
        },